0.602934918497,0.361849814525,0.0
0.256197998575,0.160227706039,1.0
-0.098329233673,0.22803547977,-1.0
0.61041153905,0.266229828702,0.0
0.0892656479143,0.100182264295,-1.0
-1.01439761135,-0.142017582842,-1.0
-0.713324169639,0.114708546818,-1.0
-0.944020329693,0.0759541043374,-1.0
0.257894710958,0.0598396921302,1.0
-0.691786948648,-0.0171666880854,0.0
0.297679595038,0.176914765365,1.0
0.775340763393,0.0746632433112,1.0
-0.852168039258,0.240729723881,-1.0
0.83052517385,0.103776214427,1.0
0.530466590646,0.308333155935,0.0
-0.813947437501,0.174753068201,-1.0
0.977699616169,0.212742740813,1.0
-0.440302573386,-0.151361153496,0.0
-0.285778418206,-0.0538498944646,0.0
0.551263496838,0.20387971487,1.0
0.384097504593,0.275653290688,0.0
0.488086009607,-0.0111216237195,1.0
-0.228457161116,0.22099451647,-1.0
-0.491647181774,-0.035792130444,-1.0
0.917717345727,0.208021766037,1.0
-0.754809762162,0.072115055235,-1.0
0.246201191055,0.179622253062,1.0
0.260431330354,0.152200476265,1.0
-1.32764523341,0.0516196586362,-1.0
-0.744155911291,0.0842685114474,-1.0
0.514376412814,0.341809125642,0.0
-0.76577406051,-0.107988278316,0.0
-0.106274384319,-0.0975218872375,0.0
0.578063318418,0.318611265857,0.0
0.569979745976,0.0803196704228,1.0
-0.4973081222,0.0688583946928,-1.0
0.529823349514,0.334314998726,0.0
-0.825802221,-0.0513397094816,0.0
0.767475874008,0.269187216035,0.0
0.705490217772,0.324502974606,0.0
-0.764423744905,0.449037219591,-1.0
0.0351211383828,0.136703807325,-1.0
-1.1179462955,0.167120425195,-1.0
-1.29749296426,0.0368607982245,-1.0
0.0819200870837,0.151116064401,-1.0
0.0725180925049,0.150297607421,-1.0
0.33592764258,0.131132052828,1.0
0.621284238128,0.0144826704047,1.0
-0.786687814591,-0.0647717776691,-1.0
-0.750911752714,-0.198250648965,0.0
-0.991765436266,-0.171607866949,0.0
0.2142759258,-0.00980963146911,1.0
1.10228422111,0.168105173554,1.0
-1.29086642098,0.147979524239,-1.0
-0.203013199387,0.0309822045517,-1.0
-0.433896682253,-0.122181745696,0.0
0.532806157439,0.194625791873,-1.0
-0.587023403677,-0.0572194314781,0.0
-0.155998293768,0.0502582587903,-1.0
-0.0315667628537,0.302188655193,-1.0
0.833685024339,0.0633399443374,1.0
0.620088285798,0.0576989379541,1.0
0.0121291759357,0.0575769511355,-1.0
0.584271307914,0.286932430127,0.0
0.39087980218,-0.0673611012852,-1.0
-0.867495243347,-0.0372489667858,-1.0
0.412596207587,0.105953274609,1.0
-0.918338729593,-0.0233769528365,0.0
0.22194432927,0.0883349101649,1.0
0.219765442348,0.139871049581,1.0
0.704913986924,0.123386924804,1.0
0.611814425283,0.287998256718,0.0
-1.10074137718,-0.103931819783,-1.0
0.525740625433,0.318322359611,0.0
0.171129095514,0.131205328844,1.0
-0.435720743517,-0.176865129728,0.0
0.492538943619,0.294803135622,0.0
-0.198998022973,-0.11971064358,0.0
0.705996943001,0.312689401974,0.0
0.344183161127,0.169038752325,1.0
-0.554965268223,0.0181511082761,-1.0
-0.674306421848,-0.0949173483056,0.0
-0.10740473203,-0.0335259438084,-1.0
0.620322576956,0.273811666774,0.0
-0.72495775705,0.130392964399,-1.0
0.616267838955,0.263242038532,0.0
0.905914298245,0.126343870353,1.0
0.65479795471,0.0974470020839,1.0
-0.50797301481,-0.185996936785,0.0
0.599253423249,0.177957296974,1.0
-0.824411981921,-0.108108270325,0.0
-0.375709568803,0.170022423159,-1.0
0.700990860417,0.270184677825,0.0
-1.12508006503,-0.0163240783737,-1.0
0.360326152238,0.256605927265,1.0
-0.660610019794,0.0459509466727,-1.0
-0.258293797136,-0.0151724251518,0.0
0.677580378917,0.0718803992378,1.0
0.57529740953,-0.0305701417024,1.0
0.0887215691442,0.106265276039,1.0
-1.05942889505,0.296788254995,-1.0
-1.09544050936,0.200405936553,-1.0
0.381953692987,0.326684309737,-1.0
0.650596924125,0.320260149194,0.0
0.0763023788105,0.299543371094,-1.0
-0.231238132776,0.239440339413,-1.0
0.518738779312,0.192284266149,1.0
-0.534405156998,-0.164632902503,-1.0
-0.202121671602,0.0625133709068,-1.0
-0.307892065857,0.0721538709792,-1.0
-0.349416966649,0.210233025303,-1.0
0.662955843872,-0.0643816793291,-1.0
0.148741834706,0.109473617461,1.0
0.864924512785,0.214354363175,1.0
-0.311486106756,-0.150693583703,0.0
0.512833208182,0.129822515308,1.0
0.0852525424588,0.0424753147846,-1.0
0.543599179989,0.0742085615185,1.0
0.643340162737,0.29297477419,0.0
-0.872702984857,0.0299562261123,-1.0
0.0478434047321,0.104918450341,1.0
-0.660790197117,0.0105581491762,0.0
0.614961843996,0.29798283235,0.0
-0.655577822682,0.347938695405,-1.0
0.740302287653,0.179672942232,1.0
-0.381400836017,0.129477519967,-1.0
0.609427710552,0.246163468358,0.0
0.817517511569,0.308770188984,0.0
-0.200634283354,0.0813036862722,1.0
0.529542079296,0.231714586549,1.0
0.704478507407,0.18070351225,1.0
0.436350047455,0.280362538478,0.0
0.679187274585,0.190732565554,1.0
-0.920162369425,0.113821615956,-1.0
-1.71870080468,-0.0355083134059,-1.0
0.720113111086,0.23909389879,1.0
0.77726228919,0.14492815968,1.0
-0.684323963848,0.0600039860024,-1.0
-0.520816106908,-0.0174187205966,0.0
0.497112613031,0.105428409203,1.0
-0.299208921618,0.232862193339,-1.0
-0.464913820546,-0.116101496891,0.0
0.632787071018,0.313924948678,0.0
0.590135084443,0.264752513288,0.0
-0.0868030701939,-0.120315254235,0.0
-0.113804827596,-0.0784625757425,-1.0
0.68920907543,0.21506321137,1.0
0.108323047857,0.286821236252,1.0
-1.06015300428,0.0806556663787,-1.0
-1.1552260366,0.179540245395,-1.0
-0.00601873402248,0.0353968676109,-1.0
0.0944413604719,0.03803812394,-1.0
0.701423370575,0.280350699114,0.0
0.0542879887634,0.0137954828323,-1.0
-0.194396801759,-0.117564316918,0.0
0.301123088175,0.110425061582,1.0
-0.57472998134,-0.216801071309,0.0
-0.425265179099,-0.0895724213003,0.0
0.615511929673,0.259176875333,0.0
-0.478865357589,-0.0424606251668,-1.0
0.649287860832,0.288019087462,0.0
0.666842145281,0.080261769722,1.0
-0.549806777355,-0.0626854815579,0.0
0.0410677109458,0.0952385241907,-1.0
1.08755030371,-0.0275452319422,1.0
0.614240794615,0.318019316201,0.0
-0.619204083934,-0.127442443629,0.0
0.520671522431,0.102731820008,1.0
-0.835281351834,-0.0290435990655,0.0
0.440342742529,-0.0412670537884,1.0
0.582982346723,0.0804557988886,1.0
-0.929245959878,-0.0305682105601,0.0
-0.902837989492,-0.144875281344,0.0
-0.325800597422,-0.14783869938,0.0
0.619120335598,0.294800620464,0.0
0.228576319712,0.0981983737467,1.0
0.572205865641,0.315545040515,0.0
-0.0731896212068,0.297564599628,-1.0
0.442261266203,0.155852680875,1.0
0.656340412757,0.288601830712,0.0
0.487788446365,0.24064181084,1.0
0.323450506299,0.167649136391,1.0
0.251116226513,0.326475862378,-1.0
0.453836753139,0.0973921723293,1.0
-1.32541682991,0.251422111197,-1.0
0.626490224421,0.297854035973,0.0
-0.499862328242,-0.0773635181722,-1.0
-0.49488959316,-0.0747487189727,0.0
-1.22361390375,0.418300849312,-1.0
-0.621944426003,-0.25955394922,0.0
0.211042186046,0.142282517637,1.0
-0.456911042044,-0.0826890437675,0.0
-0.0548174747535,-0.0631759607605,0.0
0.341900425764,0.0806010614092,1.0
0.571546018488,0.318967538843,0.0
0.309274760913,0.208672430039,1.0
-1.15362323121,0.0914115598609,-1.0
-0.648174934178,-0.120217107141,0.0
0.653577827191,0.26843549733,0.0
0.253845181896,0.0850834983698,1.0
-0.635497164208,0.221327857693,-1.0
-1.68010208822,0.0108354892917,-1.0
0.622354385413,0.300334371642,0.0
-0.895327939757,-0.156572726325,0.0
0.0678188945619,0.23763885579,1.0
0.687260265342,0.279287895853,0.0
0.685037847489,0.351759836205,0.0
-0.607008030041,-0.125614995064,0.0
0.241376982731,-0.00834093525321,1.0
-0.839843884022,0.0324747394685,-1.0
0.387445986143,0.347063908694,-1.0
0.356474713492,0.0939787287198,1.0
-0.170196072284,0.0886450238564,1.0
-0.0846251355406,-0.0538063963036,-1.0
-0.431618951484,0.168769108685,-1.0
-0.0874460614197,-0.00963822868491,0.0
-0.113737283314,0.0530321834992,1.0
-1.20047976491,0.317959822579,-1.0
-1.01874020874,0.210842975957,-1.0
-1.10636227389,-0.148874963127,-1.0
-0.302034805046,-0.0994301385842,0.0
0.342624269467,0.151907186835,1.0
0.46215554852,0.181015112876,1.0
0.449702883905,0.0569626344057,1.0
0.557599096014,0.31214276548,0.0
0.0776414809069,0.141132271046,1.0
-0.62268192092,0.163437123517,-1.0
0.637741936813,0.100543018742,1.0
-1.18084107726,-0.0472740172432,0.0
-0.803233256793,0.101575184557,-1.0
0.601712046754,0.0322843981768,1.0
0.490757860966,0.100289761773,1.0
0.23114446183,0.0972903976784,1.0
0.519006999217,0.117373512316,1.0
0.499376007067,0.282902345528,0.0
0.556127905425,0.0692820023711,1.0
-0.600496501458,-0.0958710814767,0.0
-0.0959027971363,-0.164432973283,0.0
0.635755342942,0.0278052617001,1.0
0.72514635773,0.0456448031411,1.0
-0.667259657689,-0.0160991041189,-1.0
0.288006791181,0.280648709504,-1.0
0.512895237126,0.246308385073,0.0
-1.64415123792,0.0922247107979,-1.0
-1.71409992564,0.226167034087,-1.0
0.303721544508,0.189482257903,1.0
0.846485951015,0.0399195052075,1.0
-0.249754700045,-0.0578672333793,0.0
-0.693218875568,0.159217621533,-1.0
0.195915145159,0.229493893527,-1.0
0.0587425458864,0.157811585281,1.0
-0.792149383514,0.238339020592,-1.0
0.417105835883,0.0838799810137,1.0
0.144304994953,0.139393023686,1.0
0.354207097464,0.0658337760342,1.0
-0.239485982513,-0.22089450395,0.0
0.393303201419,0.313554975572,0.0
-0.856680503864,0.196147174469,-1.0
-0.541756714728,-0.0337130049664,-1.0
0.593459994159,0.305795640274,0.0
0.58385436287,0.261446936908,0.0
-0.573746416453,-0.0644412684059,-1.0
0.499541259473,0.182825959292,1.0
0.648620336731,0.309488534893,0.0
-0.584620850707,0.0321838883112,-1.0
-0.87253927928,-0.0611727737497,0.0
0.926553004183,0.1938039694,1.0
0.0379286768613,0.0169632776928,-1.0
-1.10327962662,-0.0967563888733,-1.0
-1.23016678151,0.321388500303,-1.0
0.876672877443,0.192543404271,1.0
-0.843987615312,0.261461674577,-1.0
0.565651840852,0.0851700787641,1.0
0.450216023665,0.324336030209,0.0
-0.185732323961,0.194066771751,-1.0
0.560248689893,0.284314499017,0.0
-0.932483964515,0.137657348046,-1.0
0.414826127644,0.328744038198,0.0
-0.410721056873,-0.00379672510757,-1.0
-0.942368199068,0.130430049857,-1.0
0.575533434181,0.304392010284,0.0
-0.241333233864,0.133394220327,-1.0
0.595386545943,0.304308900698,0.0
0.502088919417,0.279097522118,0.0
-0.214920889541,-0.0953141867043,0.0
0.285946614889,0.0903883821209,1.0
0.413703639831,0.0688186211493,1.0
0.274851106966,0.183210374115,1.0
-0.514168865839,0.0296482035006,-1.0
0.494330634442,0.0735409097266,-1.0
-0.59052803616,0.0530702503111,-1.0
0.463157763973,0.254851134602,0.0
0.640720988173,0.306737339549,0.0
0.660241192575,0.324237555663,0.0
-0.728514312092,-0.0600162404173,0.0
-0.478832493594,0.00106910301245,-1.0
-0.356256234339,0.315342698149,-1.0
0.51460883422,0.337426246418,0.0
0.329416640559,0.150926366011,1.0
0.066932843933,0.191699692541,-1.0
-0.231201757433,0.0631578104283,-1.0
0.903884877755,0.127656516541,1.0
-0.258054673374,0.245053660855,-1.0
0.40637588288,0.063613997514,1.0
-0.363271979672,-0.138390212482,0.0
-1.12572199302,0.279244099663,-1.0
-0.619039464059,-0.0901530985162,-1.0
0.48035232104,0.265593091561,0.0
-1.04155360247,0.0245245406937,-1.0
0.865338287687,0.106473526924,1.0
0.454644609034,0.160764969168,1.0
-0.362247198636,0.192679424622,-1.0
-0.728627080732,-0.129730362211,0.0
0.60554196299,0.296442789239,0.0
-0.179513086153,0.13401385369,1.0
0.646883760168,0.0925021979559,1.0
0.639932112633,0.199708082174,1.0
0.235398854697,0.103890828898,1.0
-0.288155999971,-0.103509227824,0.0
0.208236409281,0.191819073481,1.0
0.495948725544,0.188173343469,1.0
0.908587786324,0.0579379785995,1.0
-1.04552967396,-0.137233317002,0.0
-0.216284166594,0.179446557804,-1.0
-0.255289238586,-0.114727558065,0.0
0.622805590851,0.308549412072,0.0
0.708402526145,0.0202822755273,1.0
-0.218808374806,-0.101580045818,0.0
0.6740874931,0.201391648064,1.0
0.660696811269,0.331668476182,0.0
0.430759240085,0.0506119476544,1.0
0.403600840001,0.267618103876,0.0
-0.549118465096,-0.143438212366,0.0
-0.00458072967794,0.160042726016,-1.0
-0.221187883384,-0.0641198645114,-1.0
0.511594797112,0.0871396416606,1.0
-0.989853322324,0.0393689070586,-1.0
-0.551850069726,0.117363041991,-1.0
0.389741370366,0.340320163266,0.0
0.701130126255,0.315712582746,0.0
-0.566148846627,0.256709354845,-1.0
0.560231331294,0.184364938144,1.0
-0.99247218461,-0.0702106921543,-1.0
0.192234012041,0.137895200529,1.0
-0.0521730022391,0.187629709311,1.0
0.190838471888,0.0319579675774,1.0
-0.310900914175,-0.0335382856573,0.0
-0.63798965971,0.13550586727,-1.0
0.764653164701,0.248172769357,1.0
0.604828704075,0.278190316834,0.0
0.220853674309,0.143096939333,1.0
-0.525195308138,0.252789205468,-1.0
-0.592453753326,-0.100127391818,0.0
-0.430590778249,-0.164109051098,0.0
0.618702741346,0.289804750687,0.0
-0.763747133714,-0.0460310478091,-1.0
0.561769347041,0.305781044322,0.0
0.501764616199,0.0628722439412,1.0
0.564273200961,0.31285903914,0.0
0.610719493134,0.215436503898,0.0
-0.603097961517,-0.092760391533,-1.0
0.407718050751,-0.0644035177724,1.0
0.993767216983,0.242645579285,1.0
0.305327434984,0.164566596388,1.0
0.605396160862,0.108163036582,1.0
0.98706634332,0.119466913273,1.0
-0.442706626811,-0.110511129958,0.0
-0.423394625053,0.286291508994,-1.0
-1.13365180078,-0.120737082972,0.0
-0.273816805028,-0.079189352598,-1.0
-2.24939914878,0.22356260148,-1.0
0.702943430608,0.303308648205,0.0
-0.684930696386,0.0996349340089,-1.0
-0.693469907048,-0.0795830182003,0.0
-0.22704966806,-0.0854490538656,0.0
-0.79914620389,0.24661007737,-1.0
-0.233024586124,0.0677247144659,-1.0
0.613912704754,0.0556144787872,1.0
0.631708229901,0.078854313182,1.0
0.348447770008,0.146117711329,1.0
-0.230067503432,0.296535049548,-1.0
-0.910402189131,0.122166248506,-1.0
-0.756754707043,-0.178674395909,0.0
-0.459319927451,-0.086362143138,0.0
-0.172389691217,0.129008348024,-1.0
-0.525798678719,0.11187033331,-1.0
0.633122521727,0.299852710284,0.0
0.59705537552,0.307265189558,0.0
-1.3454334368,0.116552126623,-1.0
0.559658008251,0.10196049941,1.0
0.448572388803,0.0644531621647,1.0
0.271520909945,0.18996747461,1.0
-0.701539511116,0.241119767244,-1.0
0.686663330811,0.166787954871,1.0
-0.553184356533,0.234787000671,-1.0
0.884586531053,0.18579550887,1.0
0.707885008607,0.135537343144,1.0
-0.494014121018,-0.0533174917503,0.0
-0.608725251274,-0.205640736024,0.0
-0.670291639416,0.0320178698552,-1.0
0.771980125008,0.117767221421,1.0
0.384473044487,0.306719966785,0.0
0.369092816891,0.23674847193,1.0
0.590754888245,0.287951179172,0.0
0.865650980776,0.0864593285319,1.0
0.510129147018,0.284855581482,0.0
0.790340815243,0.297647120481,0.0
0.545708992135,0.266103864492,0.0
-1.01401679001,-0.207361515648,0.0
-0.804981523346,-0.0613022493572,0.0
0.571867226027,0.140966961673,1.0
0.916545221065,0.14680012221,1.0
-0.503330474317,-0.123271062688,0.0
0.343761030343,0.0427073535531,1.0
0.511673111228,0.102165595298,1.0
-0.802529521198,-0.192516129413,0.0
0.812504129024,0.164685970087,1.0
0.703046992211,0.329532625265,0.0
0.535633526876,0.0995324814875,1.0
0.807759631134,0.252761723453,0.0
0.485737167956,0.16150585445,1.0
-0.0458417907127,-0.0928215523223,0.0
-0.557135078876,0.0133808221176,-1.0
0.670043454086,0.00786851966592,1.0
0.667569813926,0.331148756094,0.0
-0.473034321807,0.0460644562784,-1.0
0.24664740899,0.120536885131,1.0
0.369991085788,0.166236386465,1.0
0.447195770266,0.35504071961,0.0
-0.309409771273,-0.0956797390197,-1.0
-0.749268752897,-0.13316763501,0.0
-0.708467206628,0.104240463821,-1.0
0.658541121119,0.293084365989,0.0
0.525802700794,0.242143538455,1.0
0.853849918272,0.105155103721,1.0
-1.11368163227,0.349295873249,-1.0
0.112459650498,-0.072907307412,0.0
-0.0533379556543,-0.0805281969664,0.0
-0.166722422859,0.225019438298,-1.0
-0.469320712027,0.11544008701,-1.0
-0.0272468192962,0.0949019878603,-1.0
0.298771368842,0.117894815205,1.0
0.446457973938,-0.0345704360473,1.0
-0.939904125835,-0.0617237726102,-1.0
-0.545315307534,-0.0232628555864,0.0
0.470131030904,0.0563777345164,1.0
0.430044193736,0.0988148245749,1.0
-0.633838106481,0.0955364397873,-1.0
0.50630042972,0.293508466113,0.0
-0.43592675438,-0.156880311374,0.0
0.177746133368,0.0960014088475,1.0
0.620244014459,0.306256078076,0.0
0.440979085774,0.0342910226651,1.0
0.626525987272,0.211274088894,1.0
0.490780850706,0.126030585434,1.0
0.403687887977,0.122299634227,1.0
0.569380016926,0.322651642931,0.0
0.657810173378,0.324894316247,0.0
-0.137757101636,0.13918907602,-1.0
0.464544556134,0.081817532168,1.0
-0.614949081096,0.238295153807,-1.0
-1.04612634044,0.177456474221,-1.0
-1.07195995487,0.236191553853,-1.0
0.723277685565,0.1637866267,1.0
-0.901326519233,-0.0238264634702,-1.0
-0.821010383529,0.0935835779392,-1.0
0.552310006098,0.287679060749,0.0
0.532735584481,0.141781880987,1.0
0.284839718535,0.233479165585,1.0
-0.417470250894,-0.0695642090287,0.0
0.573749971053,0.121363742164,1.0
-0.431281995737,0.102474511768,-1.0
0.530422709769,0.271251853088,0.0
-1.03067400577,0.0622554369655,-1.0
0.579896598242,0.294244321965,0.0
0.336878050096,0.128575099232,1.0
-0.819781746245,-0.203772463997,0.0
0.513332818421,0.317487819085,0.0
-0.560467297015,0.114952808417,-1.0
-0.465711445358,-0.154203733329,0.0
0.627752735735,0.0870128850219,1.0
-0.628347540086,0.111905047764,-1.0
-0.859916191606,0.124824296628,-1.0
-0.775901772331,-0.145653714653,-1.0
0.378603900979,0.223266437331,1.0
0.623664320143,0.30705947028,0.0
-0.930920122367,0.139101528027,-1.0
-0.216575980375,0.168946669205,-1.0
-1.08229529379,0.0912497200862,-1.0
-0.677001081726,0.148675207208,-1.0
-0.154494652429,0.196336129825,1.0
0.308828814082,0.125410231622,1.0
-0.557642972549,0.170424019817,-1.0
0.755929145342,0.297913844943,-1.0
-0.148956281511,0.00541322645337,0.0
-1.38203543749,0.345713101253,-1.0
0.309830824297,0.212347943943,1.0
0.453265940642,0.181907343913,-1.0
0.54548450477,0.046690502645,1.0
0.667148503601,0.272264629408,0.0
0.520905428251,0.10622042307,1.0
-0.0846513207687,0.133347564234,-1.0
-0.45842803605,-0.062828146576,0.0
0.483626822964,0.0383686225754,1.0
-0.282868959673,-0.106225313328,-1.0
0.435100099173,0.13580632497,1.0
-0.481864157799,0.157159375561,-1.0
0.307658483226,0.258626145835,-1.0
-0.790830758623,0.174914513968,-1.0
0.234689303946,0.128678926086,1.0
-0.532139575947,-0.109601204193,0.0
-0.843546941995,0.3005438801,-1.0
0.662950822139,0.305531426819,0.0
0.0192671216305,-0.12681912449,0.0
0.60077769752,0.257104977621,1.0
0.589086583366,0.278708601924,0.0
0.149803375994,0.203842156077,-1.0
-0.741243105725,0.0565147932772,-1.0
-0.72487289959,0.161359972431,-1.0
-0.569165046751,-0.0673148845976,0.0
0.632016109528,0.297951597367,0.0
-1.16338051273,-0.175552919129,0.0
0.588339456872,0.107662112152,1.0
0.379755357555,0.144530455233,1.0
0.660305467121,0.19106559078,1.0
-0.492039390773,-0.129531719739,0.0
0.583018797086,0.146670443971,1.0
0.5314491931,0.0701727033262,1.0
-0.647748481711,0.164971246327,-1.0
0.151233255485,0.156472110228,1.0
-0.466521501945,-0.148035812964,0.0
0.672614835531,0.293111706742,0.0
0.650620631633,0.32721932574,0.0
-0.0684124457139,-0.0126199955913,0.0
-0.45988604458,-0.0288782464914,0.0
0.332071261103,0.161415476851,1.0
-0.180575079146,0.182032624322,-1.0
-0.611800371738,-0.147613916842,0.0
0.548633803819,0.154662001334,1.0
0.184960995562,0.324914523979,-1.0
0.297237158304,0.140849631586,1.0
-0.432756523503,-0.165520814364,0.0
-1.21093474499,-0.122390873217,-1.0
0.792556427392,0.305384987131,0.0
-0.956816036014,0.129885702602,-1.0
-0.442857909325,-0.0361670354544,0.0
-0.696783694073,0.232317398291,-1.0
-0.447302240893,0.0199207824899,-1.0
0.49401443928,0.122140135545,1.0
0.554391194934,0.289016840498,0.0
-0.839490160384,0.0764563545662,-1.0
0.880792892578,0.282562461033,0.0
0.275007284608,0.137435082181,1.0
-0.379688887349,-0.0360469307244,0.0
-0.174858556169,0.0580976773119,-1.0
0.525916762483,0.199250464468,1.0
-1.22728347012,0.133006015624,-1.0
0.549096739191,0.132096302802,1.0
0.21930014808,0.0954887410797,1.0
0.392300642067,0.0990163950414,-1.0
-0.713347888392,0.187476672277,-1.0
-0.771504098259,-0.155139488265,0.0
0.729731385312,0.285539533116,0.0
-1.43506147403,0.238801674974,-1.0
0.0932822664792,0.113579244333,1.0
0.641772449617,0.15279129094,1.0
0.316764311069,0.204688238246,1.0
-0.0134777668237,0.132009237154,-1.0
-0.169719803959,-0.137130064123,0.0
-0.357212826556,0.0469977566154,-1.0
0.261524565166,0.0789343863504,1.0
0.649362862868,-0.0307482094445,1.0
0.796021651731,0.313285992474,0.0
-0.969405231521,-0.117923305439,0.0
0.277404028981,0.0992863624373,-1.0
0.351352205897,0.0682243210382,1.0
-0.534409223271,-0.158479567398,0.0
-0.334385678047,-0.0764042926218,-1.0
-1.0369360682,0.2094800739,-1.0
-0.570212584093,-0.0947213906114,0.0
-0.71298865937,-0.213399341624,0.0
0.729873204063,0.283974194357,0.0
-0.721514512745,-0.260572950395,0.0
0.642908361721,0.159440467966,1.0
0.380352413324,0.144211834992,1.0
0.551522384174,0.265137412138,0.0
0.479400068817,0.169290806606,1.0
0.411599068623,0.108429724998,1.0
0.757930265311,0.0908829381267,1.0
0.558885953144,0.26749571695,0.0
-0.031160833786,0.106409549453,-1.0
0.483506264851,0.254364901607,1.0
-0.349878440006,-0.0795916354859,0.0
-0.593137597311,-0.0603087924678,-1.0
0.876556101876,0.146637882668,1.0
0.63383835262,0.0547574533759,1.0
0.666066612567,0.305860065632,0.0
-0.0451662520243,0.166923260842,1.0
-1.64780079918,0.169307609719,-1.0
0.611158249898,0.324092795291,0.0
0.558424929053,0.175244238525,1.0
-0.0450197229012,0.0951315470759,-1.0
0.612169507937,0.282147760225,0.0
-0.288312293132,0.150213604223,-1.0
0.220836442009,0.113906180875,1.0
0.298420743972,0.18990634992,1.0
0.647590752071,0.290765402416,0.0
0.485567706982,0.282399540177,0.0
-0.131225391096,0.0785619987715,-1.0
0.696897781456,0.286461792119,0.0
0.75010351886,0.323571574509,0.0
0.451100876043,0.292785142554,0.0
-0.1386402317,0.230009730268,-1.0
0.499516832685,0.271701776879,0.0
0.908065442436,0.146957359733,1.0
-0.145985668464,-0.118294569314,0.0
-0.868119376932,-0.117749123855,-1.0
-0.448877079506,0.276574849354,-1.0
0.554593810472,0.257280661718,0.0
-0.363589992513,0.101275033491,-1.0
-0.946880495807,0.110798930434,-1.0
0.331343588256,0.168407407879,1.0
0.220887928898,0.0897964901878,1.0
0.648183914405,0.290969995209,0.0
0.584703023908,0.173390478656,1.0
0.653572052058,0.322893466703,0.0
0.607512694869,0.0153427838036,1.0
0.0123987944978,-0.0704234211145,-1.0
0.545161751749,0.324682434603,0.0
-0.397590890195,-0.139626278641,0.0
-2.0689890448,0.207182657819,-1.0
0.978227261854,0.0431549784745,1.0
0.56448368308,0.177240632808,1.0
-0.268736686517,0.359659901005,-1.0
0.171585714382,0.0806810977884,1.0
0.734289494185,0.140357027227,1.0
0.60692609726,0.282998693797,0.0
-1.28729033837,-0.00170362031936,-1.0
0.53724780917,0.307013035597,0.0
-0.109207984133,-0.11191926788,0.0
-0.324056647837,-0.161918248209,0.0
-1.27737936116,0.102248577765,-1.0
-0.296241102915,0.121258642385,-1.0
0.293378660455,0.112738209298,1.0
-0.868052751234,-0.0765295775454,0.0
-0.726659034816,-0.150663707687,0.0
0.247369785735,0.00151171984003,-1.0
-0.291791668184,0.152532048857,-1.0
0.497442330444,0.0429775271577,1.0
0.453694053167,0.0804686243023,1.0
-0.372552740202,-0.173892275832,0.0
-0.659769134612,0.30625136817,-1.0
0.44459802894,0.122498730707,1.0
0.33097464769,0.135817705565,1.0
-0.509158122761,-0.198668852988,0.0
0.627351359709,0.31285410643,0.0
-1.0767905495,-0.101782989862,0.0
0.416233643013,0.16516917118,1.0
0.543067089867,0.285874572852,0.0
-0.308578597772,0.301463275801,-1.0
-0.184390831461,-0.0742947072458,0.0
0.195817083257,0.056383774963,1.0
0.556310785566,0.136650120795,1.0
-0.958256190958,0.166247324305,-1.0
0.756128305745,0.299324994007,0.0
-0.323445562408,-0.111237244051,0.0
-0.640622452084,0.0431239391715,-1.0
-1.04729641106,0.142665142302,-1.0
0.499030676372,0.103653061068,1.0
0.237930514907,0.0621217105343,1.0
0.597724903168,0.309526334252,0.0
0.398387503154,-0.0158479278379,1.0
0.239287234114,0.13295752295,1.0
-0.345981821031,0.161667474744,-1.0
0.194884340446,0.123478533737,1.0
-0.468715128974,0.112801784488,-1.0
0.553912150922,0.315210372356,1.0
0.582782279803,0.124645921002,1.0
-0.0910850837964,0.18066696418,-1.0
0.505958623493,0.055112382262,1.0
0.739206956247,0.303613814447,0.0
0.634921132272,0.067986113121,1.0
-1.13095029466,-0.111864998774,0.0
0.0941845693677,-0.0259701945271,1.0
-0.397725758742,-0.150282530198,0.0
-0.534088948532,-0.0154776019812,-1.0
0.681309693883,0.270670885943,0.0
-0.451808487672,0.20226020479,-1.0
0.433510522189,0.145803416001,1.0
-0.734972896963,-0.0779025072483,0.0
0.405032662397,0.197915506609,1.0
0.786340285311,0.28211538931,0.0
0.0423948444446,0.188710512577,-1.0
0.251041067458,0.0587001746268,1.0
-1.18775799702,0.144349448775,-1.0
-0.484323883553,0.187138702034,-1.0
0.629478158246,0.0621575044979,1.0
0.883773351387,0.0920273173252,1.0
-1.1282685106,0.401597539163,-1.0
0.654826477051,0.346469295849,0.0
-1.01814920382,0.0421415483849,-1.0
0.653063204151,0.275804140795,0.0
0.586748970231,0.27126582223,0.0
-0.650691695895,0.0770647658262,-1.0
-1.03672113687,0.0900373324072,-1.0
-0.621816979958,0.0260552576779,-1.0
-0.613214983959,0.0914500974827,-1.0
0.670025098636,0.131294399877,1.0
-0.262464642882,0.0326929049297,-1.0
-0.0886933261389,0.287040905029,-1.0
0.340807764737,-0.00250290389638,-1.0
-0.499473880708,-0.225925927646,0.0
0.66071576166,0.274668919641,0.0
0.607941655538,0.330559976376,0.0
0.0687158661038,0.0708709881885,1.0
0.389032227307,0.0533211464574,1.0
0.622947378141,0.292399017845,0.0
0.618021962498,0.116963605971,1.0
0.0762204779088,0.197897407028,-1.0
0.712789289802,0.103119603094,1.0
-0.375021932562,-0.0907195105269,0.0
-0.444369272556,-0.200855286233,0.0
-0.466250319752,-0.101087409253,0.0
-0.104921106602,0.140922920518,-1.0
0.533842350693,0.224349336445,0.0
-0.372700216761,-0.256709207482,0.0
0.0446067190738,0.0101226545241,1.0
-1.33166386024,0.256824095809,-1.0
-0.539410773648,-0.107828648422,-1.0
0.215240848232,0.121130928012,1.0
0.579157244219,0.290926501411,0.0
0.638681772002,0.174836486023,1.0
0.480957183699,0.187996243598,1.0
-0.0150957368022,0.245260312126,-1.0
-1.0184738002,0.0541976222186,-1.0
-0.889410452726,0.0920116161296,-1.0
0.768652215207,0.111121417547,1.0
-0.337793817756,0.171666775131,-1.0
0.00773563333178,0.29618057451,-1.0
0.215874648246,0.0841409458845,1.0
0.482697497968,0.197709895496,1.0
0.538748806637,0.304612297034,0.0
-0.463558463244,0.0933352319969,-1.0
-0.65439371028,-0.122253485258,-1.0
0.603395887875,0.352828227498,0.0
-0.510068803708,-0.0759388586139,0.0
-0.56634679322,-0.110080108847,-1.0
0.569024929205,0.198168379963,1.0
-0.244655728158,-0.111820551478,0.0
0.120362817688,0.111043301576,-1.0
0.705226378609,0.318535594891,0.0
0.954425983789,0.09361830316,1.0
-0.277436605031,-0.0878777449756,0.0
0.541911986202,0.313906714843,0.0
0.37249182067,0.0564537708799,1.0
-0.853672750592,-0.0405047935685,0.0
-0.12150476097,0.116626368223,-1.0
0.742721313014,0.0576918864567,1.0
-0.488950631106,-0.149589268052,0.0
-1.09206004997,-0.0244327273634,0.0
-1.57536992732,0.0850182485051,-1.0
0.183977916281,0.0995022053093,1.0
-0.722254368686,0.224991915116,-1.0
0.434088144823,-0.0296075969425,-1.0
0.228419744851,0.139923654656,1.0
0.585567375103,0.126835219971,1.0
0.538396143427,0.299420407721,0.0
0.374224758214,0.219170451785,1.0
0.208845957736,0.0896375570513,1.0
0.279701308592,0.096161583941,1.0
0.464394729721,0.0566910686387,1.0
0.906586914807,0.105830777555,1.0
-0.0526891773899,0.0656502295812,-1.0
0.15826444786,0.0584334074139,-1.0
0.615080532435,0.0646907014021,1.0
-0.261795930657,-0.0618364424521,0.0
-0.0179050425478,0.117206872405,-1.0
-0.0865269546751,0.0348198883161,-1.0
0.0124749783513,0.0564060066472,-1.0
0.511981008378,0.304296996186,0.0
0.410477487034,0.244122842058,1.0
0.468084095139,0.0267415024375,1.0
0.0381908627366,0.167117920682,1.0
0.00196135768936,0.0609281176573,1.0
0.557777607914,0.199722203778,1.0
0.70353425213,0.319481062133,0.0
0.489485490036,0.307873248425,0.0
-0.179245329082,-0.0309830453965,-1.0
0.622030690506,0.13828455399,1.0
-0.860507424719,0.0642632835731,-1.0
-1.02463087437,0.18381261743,-1.0
0.363085252596,0.0597500344427,1.0
0.660658569948,0.0857151446109,1.0
-1.1856744849,0.166272204603,-1.0
0.714424826569,0.103624445158,1.0
-0.62454369446,-0.183055143742,-1.0
-1.64716032613,0.196485060815,-1.0
0.137669152764,0.257314414167,-1.0
0.293726947973,0.0514481388183,1.0
1.23133518463,0.29825572269,-1.0
-0.240576957009,0.400635155205,-1.0
0.799087483527,0.0892992907496,-1.0
-0.689798281773,-0.0666587663441,0.0
-0.0440590949381,0.183947865496,-1.0
0.086827778663,0.204552211863,1.0
0.0936945259398,0.141666168271,1.0
-0.714347990892,0.110265974812,-1.0
0.575082402222,0.0508868832328,1.0
-0.566052746859,-0.000319349843752,-1.0
0.548359491149,0.329578643543,0.0
-0.764634717668,-0.184897857609,0.0
-0.122896236049,0.388113519394,-1.0
0.521524684948,0.179874503259,1.0
0.687605649947,0.225682038665,1.0
0.564314020272,0.0268660680724,1.0
0.345915025804,0.24091402445,1.0
-1.18931381644,0.409051503805,-1.0
-0.540172778249,-0.0622767410445,0.0
0.87716424436,0.170861974317,1.0
0.6177159917,0.0328402744669,1.0
0.595311326483,0.287938329497,0.0
-0.224615429944,-0.0812930791817,-1.0
0.803479534601,0.12794110729,1.0
-0.630189673451,0.0498230694811,-1.0
-0.359679873684,0.172062767887,-1.0
0.640544483085,0.287561175229,0.0
0.734389837733,0.309764080688,0.0
0.382497282157,0.300895011983,0.0
0.695039040664,0.313748977683,0.0
0.60503271572,0.182831550507,1.0
0.0573198582734,0.12299752285,-1.0
0.56477907797,0.157714947889,1.0
-1.1854356733,0.0945575335239,-1.0
0.555274635177,0.150458540389,1.0
-0.827355469946,0.0195912638024,-1.0
-1.21810174469,0.134648635736,-1.0
0.356827108448,0.300394923162,0.0
-0.494374194683,-0.00195386428937,0.0
-0.170834234898,0.0321790008254,-1.0
-1.08406502231,0.205396824636,-1.0
0.720319764339,0.211454864614,1.0
-0.266813673486,0.095648779103,-1.0
0.566021590417,0.298401957151,1.0
0.80202129463,0.29115793216,0.0
-0.615283463285,-0.124848745148,0.0
0.575237882882,0.273329404402,0.0
-0.423301979008,-0.0966605505183,0.0
0.720874470518,0.19010079128,1.0
0.659254426381,0.143868260996,1.0
0.946582856749,0.161213431214,1.0
-0.270360151702,0.172488638506,-1.0
0.521969160228,0.10793328764,1.0
0.761682357986,0.312922846107,0.0
0.907846639055,0.0610572588857,1.0
0.542685656267,0.0422179054782,1.0
0.418035045189,0.040252059387,1.0
0.672901325591,0.31803952591,0.0
0.219941060963,0.230171326223,-1.0
0.720503441212,0.0963267005043,-1.0
0.177214576774,-0.0214671241022,-1.0
0.612269792527,0.302830068306,0.0
-0.0021406746066,0.101288918069,-1.0
0.535758799712,0.151082272606,1.0
0.724257220289,0.30904567322,0.0
-0.208526786666,-0.0423023570927,0.0
0.825234566047,0.152480494377,1.0
0.286910153955,0.112771730106,1.0
0.323742396,0.185049745934,1.0
0.605108318828,0.276838013289,0.0
0.983926665954,0.0756065489789,1.0
0.507328234414,0.324973061493,0.0
-0.468752295898,0.071423416275,-1.0
-1.58291641089,0.232264903039,-1.0
1.08442039295,0.0789928609949,1.0
0.741470585168,0.170023975588,1.0
0.751361916766,0.0815305082611,1.0
-0.639203779662,0.225168426399,-1.0
-0.956432432428,0.0857928953601,-1.0
0.659623833913,0.270344288009,0.0
0.45607680822,0.214648876064,1.0
0.562535462219,0.310456927198,0.0
-0.210295584571,-0.13801697022,0.0
0.736296064231,0.117224091132,1.0
0.619820275493,0.271783560695,1.0
0.759942462126,0.320186339348,0.0
-0.738878578389,-0.0762312637811,0.0
-0.389893573785,0.0321471303614,-1.0
-1.10236653592,0.247838426712,-1.0
-0.50207545404,-0.205022906501,0.0
-0.81532614398,-0.014832216553,-1.0
-0.778398181982,0.228283953705,-1.0
-0.599468251293,0.0893443019654,-1.0
0.72344896538,0.327708367297,0.0
0.621790287221,0.312591456194,0.0
-0.898302687884,0.104201951617,-1.0
0.160785897592,0.126825583576,1.0
0.629787885219,0.326071300999,0.0
-0.223776043762,0.0215473849298,-1.0
0.258592893182,0.136822737213,1.0
0.221711674802,0.189310023187,1.0
0.64149928213,0.225204141349,1.0
-1.06185679847,0.229523883969,-1.0
0.529660174192,0.267408707139,0.0
-1.00250709207,0.307215552218,-1.0
-0.341402322786,0.0851304946392,-1.0
0.661412623436,0.267670092073,0.0
-0.40231551866,0.190266737968,-1.0
0.635059235429,0.306784555768,0.0
0.545010190214,0.325785593968,0.0
-1.09640020227,0.223208897825,-1.0
-0.444149969507,-0.0338709290772,-1.0
-0.203315839651,0.203107536028,-1.0
-0.815098381951,-0.167283806382,0.0
0.560542723646,0.283729115226,0.0
-0.541638254406,-0.139020135124,0.0
0.0820523178642,0.035344290724,-1.0
0.722845897217,0.298354455712,0.0
0.591781721679,0.158341202457,1.0
-0.634893754528,0.147823049272,-1.0
0.355084130259,0.102910052446,1.0
0.540682543026,0.217364406196,1.0
-0.530461531394,-0.180739244622,0.0
0.756449310381,0.108128047309,1.0
0.392229881002,0.335786173351,0.0
-0.584973974116,0.25595938631,-1.0
-0.486575394599,-0.04791274376,-1.0
-1.25316996389,0.0868922783068,-1.0
0.453882184603,0.334263730568,0.0
-0.258958865887,-0.202728210373,0.0
0.276683847041,0.136274454177,1.0
-0.337180950221,-0.0666556474679,0.0
-0.122932652386,0.131504378298,-1.0
-0.653476335161,0.334204204728,-1.0
-0.0398021812038,0.22449806666,-1.0
0.512413187767,0.0184143003562,1.0
-0.178221422892,0.407422584443,-1.0
0.160656584453,0.158983124715,1.0
0.335853131539,-0.0573607651288,-1.0
-0.913033446399,-0.0594137588304,-1.0
-0.335846300138,-0.0371356961133,0.0
-0.487067415872,-0.171035186481,0.0
0.531460575411,0.324845054486,0.0
0.663735974283,0.0720181236409,1.0
-0.364540469062,-0.1391677348,-1.0
-0.571155276139,0.00584797990258,-1.0
-0.357428804594,-0.0990964026008,0.0
-0.644493002886,0.239165708411,-1.0
0.497180740426,0.191175857937,1.0
0.534518458737,0.337693260341,0.0
0.232824675719,0.321691789376,1.0
0.333024490566,0.133234974665,1.0
0.723838102276,0.123118704882,1.0
0.726217637417,0.16115284918,1.0
-0.889124964286,0.193650307652,-1.0
0.665003083762,0.075831877961,1.0
-0.664511242364,0.380861455804,-1.0
-1.60989828858,0.340837082601,-1.0
0.354708546034,0.332678192197,0.0
0.402055792474,0.303424985601,0.0
-1.59128767045,0.203101831455,-1.0
0.643545032626,0.284906764192,0.0
0.630260150899,0.0382602944685,1.0
0.187291587726,0.0328603099607,1.0
-0.652184139547,0.109838370788,-1.0
-0.739748764188,-0.105077506479,-1.0
0.704721721223,0.30095626648,0.0
-0.423443744714,0.127838309317,-1.0
0.226818162995,0.10521612436,1.0
0.704793572207,0.112687721747,1.0
0.408453661632,0.0852764846616,1.0
-0.384531484725,-0.129502953172,0.0
-0.758781710052,0.260672502698,-1.0
-0.452199146863,-0.0780507371134,0.0
0.615501370598,0.0684387811081,1.0
0.124328093376,0.484667155255,-1.0
0.0723224497176,0.109997729139,-1.0
0.696721327476,0.286094417918,0.0
0.709826677808,0.0746683360462,1.0
0.571610772736,0.312879168344,0.0
-0.180355397605,0.153571984066,-1.0
-0.0648631031382,0.200714009857,-1.0
0.648416628425,0.283757981615,0.0
0.490999103937,0.141524750369,1.0
0.588655115526,0.299457334838,0.0
-0.171783943481,0.221995065116,-1.0
-0.632502116264,-0.0985420507555,0.0
-0.107820783878,0.0774898372324,-1.0
0.148944453225,-0.00200894304586,1.0
-0.884455376041,0.158268649423,-1.0
-1.03594425043,0.00766274319293,-1.0
0.557777551346,0.317424837905,0.0
0.912323830882,0.21609828207,1.0
-0.609895226582,-0.0814112189705,0.0
0.535579606709,0.295158040194,0.0
0.524935350323,0.0524766667392,1.0
0.871189974477,0.106004975986,1.0
-0.924274842324,-0.139213749264,0.0
0.641868619335,0.186149544771,1.0
-0.545693063488,-0.200970358444,0.0
0.424578429103,0.0332034730325,1.0
0.72731283842,0.3243504461,0.0
0.626842658185,0.285308557705,0.0
